{
    "prediction_window": 8,
    "algorithm_type": 2,
    "history_window": 96,
    "n_epochs": "10000",
    "input_size": "10",
    "hidden_size": "20",
    "num_layers": "1",
    "learning_rate": "0.008",
    "fully_connected_layer_neurons_number": "30",
    "dropout": 0.25,
    "dataset_name": "fulldataset1300",
    "column_list": "['VauDejes_rain', 'VauDejes_temp', 'VauDejes_humi', 'Koman_rain', 'Koman_temp', 'Koman_humi', 'Puke_temp', 'Puke_rain', 'Puke_humi', 'InflowsTributary2']",
    "train_test_rate": 90,
    "predicted_value": "InflowsTributary2"
}