{
    "prediction_window": 8,
    "algorithm_type": 2,
    "history_window": 96,
    "n_epochs": "20",
    "input_size": "14",
    "hidden_size": "7",
    "num_layers": "1",
    "learning_rate": "0.01",
    "fully_connected_layer_neurons_number": "7",
    "dropout": 0.2,
    "dataset_name": "fulldataset1300",
    "column_list": "['Kukes_rain', 'Kukes_temp', 'Kukes_humi', 'Okshtun_rain', 'Okshtun_temp', 'Okshtun_humi', 'Fierze_rain', 'Fierze_temp', 'Fierze_humi', 'Zogaj_temp', 'Zogaj_rain', 'Peshkopi_temp', 'Peshkopi_rain', 'Inflows']",
    "train_test_rate": 90,
    "predicted_value": "Inflows"
}