{
    "prediction_window": 1,
    "history_window": 96,
    "n_epochs": "5000",
    "input_size": "10",
    "hidden_size": "10",
    "num_layers": "1",
    "learning_rate": "0.001",
    "fully_connected_layer_neurons_number": "40",
    "dropout": 0.0,
    "dataset_name": "fulldataset1300",
    "column_list": "['VauDejes_rain', 'VauDejes_temp', 'VauDejes_humi', 'Koman_rain', 'Koman_temp', 'Koman_humi', 'Puke_temp', 'Puke_rain', 'Puke_humi', 'InflowsTributary2']",
    "train_test_rate": 80,
    "predicted_value": "InflowsTributary2",
	"algorithm_type":1
}