{
    "prediction_window": 1,
    "history_window": 96,
    "n_epochs": "10000",
    "input_size": "13",
    "hidden_size": "10",
    "num_layers": "1",
    "learning_rate": "0.001",
    "fully_connected_layer_neurons_number": "40",
    "dropout": 0.0,
    "dataset_name": "fulldataset1300",
    "column_list": "['Koman_rain', 'Koman_temp', 'Koman_humi', 'Dragobi_rain', 'Dragobi_temp', 'Dragobi_humi', 'Theth_rain', 'Theth_temp', 'Theth_humi', 'Puke_temp', 'Puke_rain', 'Puke_humi', 'InflowsTributary']",
    "train_test_rate": 80,
    "predicted_value": "InflowsTributary",
	"algorithm_type":1
}