{
    "prediction_window": 1,
    "history_window": 96,
    "n_epochs": "5000",
    "input_size": "14",
    "hidden_size": "10",
    "num_layers": "1",
    "learning_rate": "0.001",
    "fully_connected_layer_neurons_number": "40",
    "dropout": 0.0,
    "dataset_name": "fulldataset1300",
    "column_list": "['Kukes_rain', 'Kukes_temp', 'Kukes_humi', 'Okshtun_rain', 'Okshtun_temp', 'Okshtun_humi', 'Fierze_rain', 'Fierze_temp', 'Fierze_humi', 'Zogaj_temp', 'Zogaj_rain', 'Peshkopi_temp', 'Peshkopi_rain', 'Inflows']",
    "train_test_rate": 80,
    "predicted_value": "Inflows"
}