{
    "prediction_window": 8,
    "algorithm_type": 3,
    "history_window": 32,
    "n_epochs": "450",
    "input_size": "11",
    "hidden_size": "10",
    "num_layers": "2",
    "learning_rate": "0.002",
    "fully_connected_layer_neurons_number": "10",
    "dropout": 0.1,
    "dataset_name": "fulldataset1301",
    "column_list": "['Kukes_rain', 'Kukes_temp', 'Okshtun_rain', 'Okshtun_temp', 'Fierze_rain', 'Fierze_temp', 'Zogaj_temp', 'Zogaj_rain', 'Peshkopi_temp', 'Peshkopi_rain', 'Inflows']",
    "train_test_rate": 90,
    "predicted_value": "Inflows"
}